#File	Lab_w2z_16_AC56_Linear_1194.fastq
#Total	12397	9135280
#Matched	3687	29.74107%
#Name	Reads	ReadsPct	Bases	BasesPct
AATATCCTTAAAAAACCAGA	1919	15.47955%	1570729	17.19410%
CCAGCACTACCATCCATAAT	1763	14.22118%	1534048	16.79257%
CCAGCACTACCATCCATAAG	2	0.01613%	2115	0.02315%
CCAACACCAAATATAAAATC	1	0.00807%	1067	0.01168%
TGCGGTGTTGTACCAAAATG	1	0.00807%	758	0.00830%
ACCAGTGACAAAAATAAAAT	1	0.00807%	379	0.00415%
