sample	count	spacer	locus_tag	unique_name	barcode_proportion_of_matches	all_matches	all_reads	all_matches_proportion
AC1	864	AATATCCTTAAAAAACCAGA			0.480534	1798	4032	0.445933
AC1	920	AGAATCATTGCCGCAAGTAA	GO593_09595	murA	0.51168	1798	4032	0.445933
AC2	1904	AATATCCTTAAAAAACCAGA			0.489712	3888	7724	0.503366
AC2	1958	AGAATCATTGCCGCAAGTAA	GO593_09595	murA	0.503601	3888	7724	0.503366
AC3	671	AATATCCTTAAAAAACCAGA			0.7514	893	1884	0.473992
AC3	215	AGAATCATTGCCGCAAGTAA	GO593_09595	murA	0.240761	893	1884	0.473992
AC4	3778	AATATCCTTAAAAAACCAGA			0.710017	5321	11835	0.449599
AC4	1510	AGAATCATTGCCGCAAGTAA	GO593_09595	murA	0.283781	5321	11835	0.449599
AC5	677	AATATCCTTAAAAAACCAGA			0.969914	698	1917	0.364111
AC5	16	AGAATCATTGCCGCAAGTAA	GO593_09595	murA	0.0229226	698	1917	0.364111
AC6	2020	AATATCCTTAAAAAACCAGA			0.970687	2081	4767	0.436543
AC6	41	AGAATCATTGCCGCAAGTAA	GO593_09595	murA	0.0197021	2081	4767	0.436543
AC7	1012	AATATCCTTAAAAAACCAGA			0.984436	1028	2347	0.438006
AC8	91	AATATCCTTAAAAAACCAGA			0.947917	96	321	0.299065
AC9	1543	AATATCCTTAAAAAACCAGA			0.989103	1560	3573	0.436608
AC10	4753	AATATCCTTAAAAAACCAGA			0.988766	4807	11039	0.435456
AC11	769	AATATCCTTAAAAAACCAGA			0.944717	814	3929	0.207177
AC11	26	TTGCTGCGCAGAATCGACAG	GO593_18295	glnS	0.031941	814	3929	0.207177
AC12	1046	AATATCCTTAAAAAACCAGA			0.949183	1102	4528	0.243375
AC12	46	TTGCTGCGCAGAATCGACAG	GO593_18295	glnS	0.0417423	1102	4528	0.243375
AC13	97	AATATCCTTAAAAAACCAGA			0.941748	103	568	0.181338
AC14	85	AATATCCTTAAAAAACCAGA			0.955056	89	535	0.166355
AC15	195	AATATCCTTAAAAAACCAGA			0.890411	219	1518	0.144269
AC15	16	TTGCTGCGCAGAATCGACAG	GO593_18295	glnS	0.0730594	219	1518	0.144269
AC16	144	AATATCCTTAAAAAACCAGA			0.837209	172	1268	0.135647
AC16	15	TTGCTGCGCAGAATCGACAG	GO593_18295	glnS	0.0872093	172	1268	0.135647
AC17	5000	AATATCCTTAAAAAACCAGA			0.973141	5138	15381	0.334049
AC17	72	TTGCTGCGCAGAATCGACAG	GO593_18295	glnS	0.0140132	5138	15381	0.334049
AC18	1726	AATATCCTTAAAAAACCAGA			0.971847	1776	5365	0.331034
AC18	32	TTGCTGCGCAGAATCGACAG	GO593_18295	glnS	0.018018	1776	5365	0.331034
AC19	162	AATATCCTTAAAAAACCAGA			0.680672	238	3428	0.0694282
AC19	62	TTGCTGCGCAGAATCGACAG	GO593_18295	glnS	0.260504	238	3428	0.0694282
AC20	187	AATATCCTTAAAAAACCAGA			0.785714	238	2543	0.0935902
AC20	33	TTGCTGCGCAGAATCGACAG	GO593_18295	glnS	0.138655	238	2543	0.0935902
