#File	Lab_l7q_17_AC17_Linear_1194.fastq
#Total	15381	13348850
#Matched	7509	48.81997%
#Name	Reads	ReadsPct	Bases	BasesPct
AATATCCTTAAAAAACCAGA	5034	32.72869%	4658244	34.89622%
TTGCTGCGCAGAATCGACAG	2474	16.08478%	2317958	17.36448%
AGAATCATTGCCGCAAGTAA	1	0.00650%	696	0.00521%
